{
  "strategy_class": "MultiCoin_AI_Strategy_20260529_061342_v003",
  "strategy_file": "/opt/freqtrade-okx/freqtrade-ai/user_data/strategies/MultiCoin_AI_Strategy_20260529_061342_v003.py",
  "why_nearest": [
    "训练交易数在目标范围内",
    "有一个验证区间盈利且 PF > 1",
    "但训练区间和其他验证区间不如 historical_best",
    "仅作为后续优化参考，不覆盖正式 best"
  ],
  "train_metrics": {
    "profit_total_abs": -2.9489720499999996,
    "profit_total_pct": -0.29489720499999994,
    "profit_factor": 0.47259445794464205,
    "max_drawdown_pct": 0.5031106831379292,
    "total_trades": 26,
    "roi_profit_abs": 2.54100102,
    "stop_loss_profit_abs": -5.59146959
  },
  "validation_metrics": [
    {
      "label": "valid_apr_2026",
      "timerange": "20260401-20260430",
      "total_trades": 28,
      "profit_total_abs": 1.5057001400000003,
      "profit_total_pct": 0.15057001400000003,
      "profit_factor": 1.5392868248483804,
      "max_drawdown_pct": 0.2242153813924605,
      "winrate": 0.9285714285714286,
      "roi_profit_abs": 4.29772114,
      "stop_loss_profit_abs": -2.792021,
      "trailing_stop_loss_profit_abs": 0.0,
      "force_exit_profit_abs": 0.0
    },
    {
      "label": "valid_mar_2026",
      "timerange": "20260301-20260331",
      "total_trades": 24,
      "profit_total_abs": -10.352553440000001,
      "profit_total_pct": -1.035255344,
      "profit_factor": 0.17614420638163808,
      "max_drawdown_pct": 1.1058150512914215,
      "winrate": 0.625,
      "roi_profit_abs": 1.95492714,
      "stop_loss_profit_abs": -12.565977590000001,
      "trailing_stop_loss_profit_abs": 0.25849701,
      "force_exit_profit_abs": 0.0
    },
    {
      "label": "valid_feb_2026",
      "timerange": "20260201-20260228",
      "total_trades": 21,
      "profit_total_abs": -1.75047577,
      "profit_total_pct": -0.175047577,
      "profit_factor": 0.6866151155210948,
      "max_drawdown_pct": 0.2895963544509386,
      "winrate": 0.8095238095238095,
      "roi_profit_abs": 3.48983291,
      "stop_loss_profit_abs": -5.585705809999999,
      "trailing_stop_loss_profit_abs": 0.34539713,
      "force_exit_profit_abs": 0.0
    }
  ],
  "trade_under_min": false,
  "validation_strong": false,
  "trade_count_warning": "",
  "improvement_vs_baseline": {
    "profit_total_pct_delta": 0.44510279500000005,
    "profit_factor_delta": -0.15740554205535795
  }
}